vid,category,resolution,x_Subjects,MOSFull,MOSChunk00,MOSChunk05,MOSChunk10,stdFull,stdChunk00,stdChunk05,stdChunk10,width,height,pixfmt,framerate,nb_frames,bitdepth,bitrate
Gaming_2160P-2dc4,Gaming,2160,111,4.383,4.438,4.618,4.471,0.664,0.627,0.443,0.547,3840,2160,yuv420p,59.94006309,,,
HDR_2160P-06ae,HDR,2160,130,4.474,4.432,4.382,4.384,0.552,0.604,0.59,0.618,3840,2160,yuv420p10le,24,,,
Sports_2160P-0455,Sports,2160,126,4.287,4.364,4.204,4.191,0.56,0.591,0.75,0.651,3840,2160,yuv420p,29.97002997,,,
Vlog_2160P-030a,Vlog,2160,131,2.448,2.648,2.661,2.526,0.9,0.849,0.777,0.701,3840,2160,yuv420p,23.97602398,,,
