vid,category,resolution,x_Subjects,MOSFull,MOSChunk00,MOSChunk05,MOSChunk10,stdFull,stdChunk00,stdChunk05,stdChunk10,width,height,pixfmt,framerate,nb_frames,bitdepth,bitrate
HDR_2160P-15e2,HDR,2160,104,4.191,4.113,4.144,4.225,0.621,0.621,0.609,0.592,3840,2160,yuv422p10le,59.94006309,,,
HDR_2160P-2a72,HDR,2160,138,4.113,4.023,3.846,4.076,0.733,0.757,0.639,0.711,3840,2160,yuv422p10le,59.94006309,,,
HDR_2160P-3663,HDR,2160,110,4.34,4.347,4.263,4.364,0.7,0.569,0.718,0.626,3840,2160,yuv422p10le,59.94006309,,,
HDR_2160P-4dcd,HDR,2160,124,3.763,3.639,3.623,3.632,0.652,0.728,0.857,0.952,3840,2160,yuv422p10le,59.94006309,,,
HDR_2160P-6ed1,HDR,2160,109,3.724,3.74,3.907,3.969,0.793,0.767,0.743,0.752,3840,2160,yuv422p10le,59.94006309,,,
HDR_2160P-6fab,HDR,2160,110,3.443,3.496,3.455,3.371,0.764,0.716,0.776,0.852,3840,2160,yuv422p10le,59.94006309,,,
HDR_2160P-70ca,HDR,2160,122,3.905,4.057,3.95,3.752,0.741,0.643,0.772,0.715,3840,2160,yuv422p10le,59.94006309,,,
Sports_2160P-49f1,Sports,2160,134,4.287,4.298,4.374,4.352,0.612,0.692,0.593,0.586,3840,2160,yuv420p,29.97002997,,,
Vlog_2160P-255c,Vlog,2160,113,4.443,4.38,4.263,4.157,0.495,0.549,0.63,0.728,3840,2160,yuv420p,25,,,
