category,Bitrate (kb/s),PSNR (dB),VMAF,QP,std_bitrate,std_psnr,std_vmaf,codec
TelevisionClip,36582.333333333336,50.96907033333333,99.543537,10,24422.35331731067,2.5647795678747056,0.1371849502630192,x265
TelevisionClip,23166.0,47.41116066666666,98.72949333333332,15,16223.970311445551,2.9661039935574673,0.688250212517865,x265
TelevisionClip,13353.0,43.89497333333333,96.552437,20,9704.617079857746,3.4949856680854756,1.8228854938390053,x265
TelevisionClip,6612.0,40.714399666666665,91.98102,25,4887.565924534079,4.176121428085022,3.4246998328171796,x265
TelevisionClip,2846.0,38.14138833333333,84.94086766666668,30,1997.9361017476676,4.769126162607171,4.785338870475973,x265
TelevisionClip,1109.3333333333333,35.885605000000005,74.625398,35,718.7166030888361,5.0463753113402765,6.381212781782842,x265
TelevisionClip,409.3333333333333,33.64901833333333,60.22532666666666,40,211.3217662449585,5.095797349293851,7.763844876487308,x265
TelevisionClip,170.33333333333334,31.130757333333335,42.425278999999996,45,57.34883511361751,4.996068070002004,8.05836226738378,x265
TelevisionClip,94.33333333333333,28.526667333333332,25.665858,50,23.098821518760552,4.818002534189821,6.256851418665195,x265
