category,Bitrate (kb/s),PSNR (dB),VMAF,QP,std_bitrate,std_psnr,std_vmaf,codec
Animation,21287.333333333332,46.90797,97.12893733333334,12,8550.90546212635,1.0887957388628946,2.2359315373860547,VP9
Animation,14720.0,44.62516233333333,96.49975333333333,18,7174.374537198348,1.1001425295867602,2.738927038126712,VP9
Animation,11143.0,43.10272233333333,95.90014166666667,24,6184.845403618967,1.2494156813823902,3.234125629617206,VP9
Animation,7645.0,41.129584,94.97297366666665,30,4489.522988766921,1.70543704364678,3.7976854282959702,VP9
Animation,5213.666666666667,39.06135166666667,93.48454500000001,36,3263.7690209667444,2.264694676405386,4.669395105091089,VP9
Animation,3497.6666666666665,36.83461500000001,91.01623966666666,42,2499.6149481247885,2.740227659886066,6.0933319191101765,VP9
Animation,2356.3333333333335,34.538783333333335,86.99041933333332,48,1920.816203828177,3.1103924400212835,8.871896534337113,VP9
Animation,1558.6666666666667,32.339607666666666,80.60886266666667,54,1403.5565143195656,3.47536926569924,13.064612090064298,VP9
Animation,977.3333333333334,30.214809333333335,70.76400633333333,60,933.9994051865818,3.9088216768869812,15.440000252873086,VP9
