category,Bitrate (kb/s),PSNR (dB),VMAF,QP,std_bitrate,std_psnr,std_vmaf,codec
Animation,33123.666666666664,49.921572,97.94478866666667,10,5328.136905982135,0.8950249701123808,1.482093493176534,x265
Animation,20066.0,46.34411433333333,97.48538866666667,15,2098.3055068316435,1.3333048726319956,1.8706013512533608,x265
Animation,10972.0,42.735278,96.52929999999999,20,3321.213733963333,1.5898273170890824,2.61594252646358,x265
Animation,6052.666666666667,39.28263066666667,94.32103599999999,25,3552.6574404083613,1.8568148313317516,3.9658836981929593,x265
Animation,3695.6666666666665,35.82707833333333,89.59921899999999,30,2695.6607518174255,2.1557490815529112,7.070225640197677,x265
Animation,2252.0,32.245213,81.35926433333334,35,1805.169798107646,2.5422621056595776,12.518179385058735,x265
Animation,1190.3333333333333,29.084560333333332,68.45029833333334,40,1069.0336238345774,3.163613815162688,17.149364271981867,x265
Animation,504.6666666666667,26.76347366666667,52.92144166666666,45,536.3309508958894,4.026052215347133,18.297065404243202,x265
Animation,239.0,25.285168,40.195209,50,259.0688454188706,4.757047627782804,18.369071141164216,x265
