category,Bitrate (kb/s),PSNR (dB),VMAF,QP,std_bitrate,std_psnr,std_vmaf,codec
TelevisionClip,38157.333333333336,51.640260000000005,99.73560200000001,10,19808.29557421727,2.897968020099717,0.07771037357178764,x264
TelevisionClip,23673.666666666668,47.97884333333334,99.27607866666666,15,12851.277351125667,3.56084231955646,0.064524901117492,x264
TelevisionClip,13942.0,44.395402666666676,97.55191866666667,20,7319.262576699012,4.279415016360248,0.5704084105389392,x264
TelevisionClip,6835.333333333333,40.692936,92.74893933333334,25,3600.7852230065355,4.683745146010899,2.2757805585270163,x264
TelevisionClip,2837.3333333333335,37.775408,84.68976566666667,30,1401.5734808500845,5.168091814204799,4.464468043156639,x264
TelevisionClip,1208.0,35.366625000000006,73.29045366666666,35,476.7312310586193,5.381223197187793,6.267004212017751,x264
TelevisionClip,595.6666666666666,32.978701,58.09009066666667,40,150.984178714931,5.260828761042186,6.777945094205489,x264
TelevisionClip,357.0,30.403418333333335,40.948406000000006,45,66.3525935187666,4.7650901677278785,6.534313739335958,x264
TelevisionClip,224.66666666666666,27.57504366666667,24.702436333333335,50,45.32352835142275,3.8221885901859367,4.3887995855187505,x264
