category,Bitrate (kb/s),PSNR (dB),VMAF,QP,std_bitrate,std_psnr,std_vmaf,codec
TelevisionClip,27732.666666666668,36.530193,99.13558133333333,12,22029.146909391555,7.186300455421738,0.5288331397787241,VP9
TelevisionClip,21127.0,35.71905833333334,98.32575033333335,18,17300.6211641856,6.068218551739456,1.222574881176699,VP9
TelevisionClip,17037.0,35.116816,97.33405499999999,24,14280.697555325043,5.253372565012498,1.9871788375168096,VP9
TelevisionClip,12259.666666666666,34.261693333333334,95.27747333333333,30,10503.65527910271,4.132534562780035,3.3176868843080363,VP9
TelevisionClip,8284.333333333334,33.363247,92.12474333333334,36,7254.263359493429,3.034592854855163,4.626130433709533,VP9
TelevisionClip,5122.666666666667,32.451684,87.46807233333334,42,4540.632579522618,2.0503659179045752,5.92721176335812,VP9
TelevisionClip,2885.3333333333335,31.598277666666664,81.29317066666667,48,2525.0893493542408,1.4151964311299285,7.019790516218288,VP9
TelevisionClip,1429.6666666666667,30.827814666666665,73.48097966666667,54,1188.3249649074205,1.3333829414541372,7.820573230829327,VP9
TelevisionClip,633.3333333333334,30.060674333333335,63.86848799999999,60,464.1453316461224,1.643427340707287,8.313768543071545,VP9
