category,Bitrate (kb/s),PSNR (dB),VMAF,QP,std_bitrate,std_psnr,std_vmaf,codec
Animation,16875.333333333332,45.50739133333334,96.83582200000001,12,9272.970086343546,0.35450577977547937,2.7464714858368104,SVT-AV1
Animation,12372.666666666666,43.99351766666666,96.60800366666666,18,6327.190336599299,0.8431570321928304,2.895200487603846,SVT-AV1
Animation,9627.666666666666,42.784398,96.42894266666667,24,4811.792274079263,1.4411993298092647,2.9542052599682775,SVT-AV1
Animation,6820.666666666667,41.111454,95.99465166666668,30,3615.2423001631428,2.2217834604552853,3.1480209805173676,SVT-AV1
Animation,4707.0,39.299054000000005,95.25005766666668,36,2869.154695492501,3.075359293304442,3.2991571308241032,SVT-AV1
Animation,3333.6666666666665,37.54029933333334,94.20215566666666,42,2245.6931125057035,3.9686759032810377,3.5910134836613454,SVT-AV1
Animation,2363.6666666666665,35.767419999999994,92.85017933333334,48,1632.6625153070947,4.840319700687203,4.12582625589383,SVT-AV1
Animation,1655.0,33.882331666666666,90.20047533333333,54,1152.3821704047086,5.426140770156036,4.585761541060281,SVT-AV1
Animation,976.6666666666666,31.329449666666665,82.26873333333333,60,709.0568070017772,5.71552442829914,2.3939923386742286,SVT-AV1
