category,Bitrate (kb/s),PSNR (dB),VMAF,QP,std_bitrate,std_psnr,std_vmaf,codec
Animation,32259.333333333332,50.77652833333334,98.13534633333335,10,5551.276990226864,1.203499848779199,1.3118999906680715,x264
Animation,20581.333333333332,46.62435766666666,97.56093233333333,15,3063.0566795640957,1.249945546315874,1.8578290879944293,x264
Animation,11782.0,42.49372066666667,96.42827833333332,20,4188.695819305416,1.2883537821743254,2.805120699123938,x264
Animation,6942.333333333333,38.709674666666665,93.70993966666667,25,3791.280551769049,1.710244137684505,4.546597836275114,x264
Animation,4321.0,35.278882333333335,89.03656833333332,30,2760.8100260611923,2.3056530495042455,7.371579630899854,x264
Animation,2897.6666666666665,32.088884,81.24761866666667,35,1818.8176256996069,2.9291266539312826,12.39868534996579,x264
Animation,1872.0,29.200000666666664,65.631274,40,1262.6419392158123,3.756304075351757,17.218508895080625,x264
Animation,999.3333333333334,26.717759666666666,48.870147333333335,45,724.4880184577858,4.698955965089078,17.58682548555663,x264
Animation,290.6666666666667,24.459000333333332,32.987250333333336,50,187.56746934251566,5.161228689467999,19.024102605151118,x264
